year,country,countryJP,amount,value
2012,Hong Kong,香港,194142,925824
2012,Thailand,タイ,7212,45767
2012,Singapore,シンガポール,55127,337623
2012,Macau,マカオ,15023,123373
2012,Canada,カナダ,3174,25290
2012,USA,アメリカ合衆国,43774,328201
2012,Mongolia,モンゴル,34,293
2012,Hong Kong,香港,100583,533451
2012,Thailand,タイ,7546,40131
2012,Singapore,シンガポール,8347,42404
2012,Philippines,フィリピン,53,316
2012,Cambodia,カンボジア,250663,1508910
2012,Laos,ラオス,158684,1088460
2012,Bangladesh,バングラデシュ,22379,137911
2012,Macau,マカオ,75882,513988
2012,UAE,アラブ首長国連邦,469,3916
2012,Tajikistan,タジキスタン,1957,14253
2013,Hong Kong,香港,206848,1084454
2013,Thailand,タイ,18906,112785
2013,Singapore,シンガポール,80810,520880
2013,Laos,ラオス,100,271
2013,Macau,マカオ,13499,129795
2013,Netherlands,オランダ,75,566
2013,Germany,ドイツ,97,1196
2013,Spain,スペイン,94,887
2013,Canada,カナダ,6782,57355
2013,USA,アメリカ合衆国,116888,908666
2013,Mexico,メキシコ,277,2143
2013,Bangladesh,バングラデシュ,3104,18588
2013,UAE,アラブ首長国連邦,718,1758
2013,Mongolia,モンゴル,80036,534380
2013,Hong Kong,香港,91501,535848
2013,Thailand,タイ,20394,117921
2013,Singapore,シンガポール,11481,65343
2013,Philippines,フィリピン,56,424
2013,Cambodia,カンボジア,182457,1263943
2013,Laos,ラオス,20285,148740
2013,Bangladesh,バングラデシュ,13988,81457
2013,Macau,マカオ,42619,292015
2013,Kuwait,クウェート,209,1049
2013,Jordan,ヨルダン,6,312
2013,UAE,アラブ首長国連邦,624,4923
2013,Tajikistan,タジキスタン,3657,28422
2013,Micronesia,ミクロネシア,147,684
2014,Hong Kong,香港,270627,1357970
2014,Vietnam,ベトナム,3578,18223
2014,Thailand,タイ,35125,218064
2014,Singapore,シンガポール,115643,702491
2014,Philippines,フィリピン,5483,39157
2014,Indonesia,インドネシア,1211,5529
2014,Macau,マカオ,15175,149863
2014,UAE,アラブ首長国連邦,1264,11439
2014,Denmark,デンマーク,95,890
2014,British,英国,17693,150086
2014,Netherlands,オランダ,19092,147245
2014,Belgium,ベルギー,5550,51016
2014,France,フランス,1879,14518
2014,Monaco,モナコ,11626,117842
2014,Germany,ドイツ,20416,195104
2014,Switzerland,スイス,1337,21020
2014,Spain,スペイン,1037,7915
2014,Italy,イタリア,176,1802
2014,Russia,ロシア,247,2005
2014,Canada,カナダ,9551,86256
2014,USA,アメリカ合衆国,166042,1350614
2014,Mexico,メキシコ,1537,11227
2014,new zealand,ニュージーランド,2128,16275
2014,Mongolia,モンゴル,29208,198410
2014,Hong Kong,香港,166890,963718
2014,Vietnam,ベトナム,13150,76299
2014,Thailand,タイ,43110,232027
2014,Singapore,シンガポール,22064,131854
2014,Philippines,フィリピン,333,2084
2014,Cambodia,カンボジア,247634,1701856
2014,Laos,ラオス,10827,67762
2014,Myanmar,ミャンマー,293,1273
2014,Bangladesh,バングラデシュ,4439,27363
2014,Macau,マカオ,41177,258578
2014,Qatar,カタール,2240,9432
2014,UAE,アラブ首長国連邦,2854,17021
2014,Tajikistan,タジキスタン,71420,501637
2014,USA,アメリカ合衆国,722,2347
2014,Micronesia,ミクロネシア,203,978
2015,Hong Kong,香港,351,1574
2015,Hong Kong,香港,358009,2006313
2015,Vietnam,ベトナム,2246,16907
2015,Thailand,タイ,33790,211293
2015,Singapore,シンガポール,132682,913317
2015,Philippines,フィリピン,11708,98989
2015,Macau,マカオ,9882,86465
2015,UAE,アラブ首長国連邦,954,4924
2015,Denmark,デンマーク,389,3125
2015,British,英国,43469,383058
2015,Netherlands,オランダ,38888,375232
2015,Belgium,ベルギー,10680,108537
2015,France,フランス,5134,38095
2015,Germany,ドイツ,20111,191392
2015,Switzerland,スイス,1334,17748
2015,Italy,イタリア,2233,21200
2015,Russia,ロシア,1999,16279
2015,Canada,カナダ,12587,117799
2015,USA,アメリカ合衆国,207154,1770255
2015,Mexico,メキシコ,606,5358
2015,new zealand,ニュージーランド,3008,24719
2015,Hong Kong,香港,114,601
2015,Thailand,タイ,109,1034
2015,UAE,アラブ首長国連邦,332,2970
2015,Mongolia,モンゴル,24381,197079
2015,Hong Kong,香港,145475,881358
2015,Vietnam,ベトナム,22341,159914
2015,Thailand,タイ,86915,559051
2015,Singapore,シンガポール,36158,163958
2015,Philippines,フィリピン,1151,7873
2015,Indonesia,インドネシア,1085,9863
2015,Cambodia,カンボジア,206811,1525178
2015,Laos,ラオス,18374,90687
2015,Myanmar,ミャンマー,750,3689
2015,Bangladesh,バングラデシュ,8310,56221
2015,Macau,マカオ,59172,455432
2015,Qatar,カタール,649,11639
2015,UAE,アラブ首長国連邦,10159,75586
2015,Tajikistan,タジキスタン,56858,380159
2015,Germany,ドイツ,90,754
2015,Italy,イタリア,49,590
2015,USA,アメリカ合衆国,6423,30541
2015,Brazil,ブラジル,31,395
2015,Micronesia,ミクロネシア,85,360
2015,North Mariana Islands (USA),北マリアナ諸島（米）,86,737
2016,Hong Kong,香港,97,675
2016,Hong Kong,香港,325396,1915446
2016,Vietnam,ベトナム,1547,10988
2016,Thailand,タイ,29493,179670
2016,Singapore,シンガポール,109065,727679
2016,Philippines,フィリピン,9067,76190
2016,Macau,マカオ,10232,87425
2016,UAE,アラブ首長国連邦,1469,11781
2016,Denmark,デンマーク,1078,15360
2016,British,英国,37556,337469
2016,Netherlands,オランダ,28814,295322
2016,Belgium,ベルギー,10848,100697
2016,France,フランス,3702,32896
2016,Germany,ドイツ,14725,143918
2016,Switzerland,スイス,970,9626
2016,Italy,イタリア,3083,28541
2016,Russia,ロシア,2390,19621
2016,Canada,カナダ,11720,121910
2016,USA,アメリカ合衆国,189726,1660505
2016,Mexico,メキシコ,980,9027
2016,new zealand,ニュージーランド,2672,21708
2016,Hong Kong,香港,45108,350722
2016,Vietnam,ベトナム,369,2430
2016,Thailand,タイ,4296,36607
2016,Singapore,シンガポール,20589,174637
2016,Philippines,フィリピン,1538,13265
2016,Macau,マカオ,3626,34102
2016,UAE,アラブ首長国連邦,1027,11377
2016,Denmark,デンマーク,300,5156
2016,British,英国,5395,49423
2016,Netherlands,オランダ,6445,80202
2016,Belgium,ベルギー,4011,42988
2016,France,フランス,1010,8792
2016,Germany,ドイツ,2036,19301
2016,Switzerland,スイス,45,720
2016,Italy,イタリア,874,9441
2016,Russia,ロシア,236,2439
2016,Canada,カナダ,3736,38188
2016,USA,アメリカ合衆国,58882,563007
2016,Mexico,メキシコ,385,3653
2016,new zealand,ニュージーランド,1003,7739
2016,Hong Kong,香港,35404,159764
2016,Vietnam,ベトナム,436,1887
2016,Thailand,タイ,2952,15078
2016,Singapore,シンガポール,6386,31819
2016,Philippines,フィリピン,475,2664
2016,Myanmar,ミャンマー,302,940
2016,Macau,マカオ,54,230
2016,UAE,アラブ首長国連邦,225,861
2016,Denmark,デンマーク,100,480
2016,British,英国,1106,5855
2016,Netherlands,オランダ,1179,7508
2016,Belgium,ベルギー,417,3277
2016,Germany,ドイツ,357,1757
2016,Italy,イタリア,217,1599
2016,Russia,ロシア,341,2252
2016,Canada,カナダ,775,5571
2016,USA,アメリカ合衆国,5471,33307
2016,Mexico,メキシコ,42,270
2016,Hong Kong,香港,10296,37894
2016,Vietnam,ベトナム,118,446
2016,Thailand,タイ,1341,5353
2016,Singapore,シンガポール,2110,8507
2016,Myanmar,ミャンマー,90,363
2016,Macau,マカオ,63,252
2016,UAE,アラブ首長国連邦,102,245
2016,British,英国,186,809
2016,Netherlands,オランダ,257,1481
2016,Belgium,ベルギー,307,1252
2016,Germany,ドイツ,88,558
2016,Italy,イタリア,60,308
2016,Russia,ロシア,48,310
2016,USA,アメリカ合衆国,996,5113
2016,Hong Kong,香港,4834,21479
2016,Vietnam,ベトナム,429,1609
2016,Thailand,タイ,986,10380
2016,Singapore,シンガポール,2531,20430
2016,Philippines,フィリピン,478,4693
2016,Myanmar,ミャンマー,80,216
2016,Macau,マカオ,150,2546
2016,UAE,アラブ首長国連邦,1003,7916
2016,Denmark,デンマーク,285,2722
2016,British,英国,242,2044
2016,Netherlands,オランダ,1270,12230
2016,Germany,ドイツ,246,2151
2016,Switzerland,スイス,233,1693
2016,Italy,イタリア,76,657
2016,Russia,ロシア,36,294
2016,Canada,カナダ,471,4583
2016,USA,アメリカ合衆国,2800,22885
2016,Mexico,メキシコ,208,1941
2016,Mongolia,モンゴル,14060,106561
2016,Hong Kong,香港,225625,1453315
2016,Vietnam,ベトナム,25540,176516
2016,Thailand,タイ,63140,391309
2016,Singapore,シンガポール,32172,111911
2016,Philippines,フィリピン,1134,10653
2016,Indonesia,インドネシア,2305,13614
2016,Cambodia,カンボジア,326276,2345287
2016,Laos,ラオス,18194,144015
2016,Myanmar,ミャンマー,960,5944
2016,Macau,マカオ,42603,336837
2016,Qatar,カタール,547,6347
2016,UAE,アラブ首長国連邦,7911,70888
2016,Tajikistan,タジキスタン,19999,164191
2016,Germany,ドイツ,308,2178
2016,Russia,ロシア,378,1312
2016,USA,アメリカ合衆国,6196,46978
2016,Brazil,ブラジル,35,706
2016,new zealand,ニュージーランド,251,2448
2016,Guam (rice),グアム（米）,356,3091
2016,North Mariana Islands (USA),北マリアナ諸島（米）,262,2207
2016,Mongolia,モンゴル,302,2666
2016,Hong Kong,香港,56441,399831
2016,Vietnam,ベトナム,3511,31486
2016,Thailand,タイ,14468,116202
2016,Singapore,シンガポール,2615,18290
2016,Philippines,フィリピン,925,6618
2016,Indonesia,インドネシア,156,780
2016,Cambodia,カンボジア,71514,539995
2016,Laos,ラオス,7467,46670
2016,Macau,マカオ,2893,26826
2016,Qatar,カタール,125,1809
2016,UAE,アラブ首長国連邦,1189,14520
2016,Tajikistan,タジキスタン,3242,29963
2016,Germany,ドイツ,190,1618
2016,USA,アメリカ合衆国,959,7899
2016,Mexico,メキシコ,24,260
2016,new zealand,ニュージーランド,103,988
2016,Guam (rice),グアム（米）,491,5496
2016,North Mariana Islands (USA),北マリアナ諸島（米）,280,2659
2016,Hong Kong,香港,10667,46843
2016,Vietnam,ベトナム,394,1841
2016,Thailand,タイ,6661,28143
2016,Singapore,シンガポール,594,3112
2016,Philippines,フィリピン,204,1086
2016,Indonesia,インドネシア,245,1274
2016,Cambodia,カンボジア,9306,62813
2016,Macau,マカオ,320,3847
2016,Qatar,カタール,169,1523
2016,UAE,アラブ首長国連邦,3822,23005
2016,Tajikistan,タジキスタン,360,1549
2016,Germany,ドイツ,62,416
2016,Canada,カナダ,39,220
2016,USA,アメリカ合衆国,653,3075
2016,Hong Kong,香港,2879,14408
2016,Vietnam,ベトナム,430,2610
2016,Thailand,タイ,4327,19343
2016,Singapore,シンガポール,371,1072
2016,Philippines,フィリピン,274,1552
2016,Cambodia,カンボジア,3371,24398
2016,UAE,アラブ首長国連邦,2331,11321
2016,Tajikistan,タジキスタン,336,1849
2016,USA,アメリカ合衆国,130,658
2016,Hong Kong,香港,2558,17169
2016,Vietnam,ベトナム,127,1090
2016,Thailand,タイ,1707,10265
2016,Singapore,シンガポール,1307,4152
2016,Philippines,フィリピン,185,957
2016,Macau,マカオ,56,410
2016,Qatar,カタール,18,253
2016,UAE,アラブ首長国連邦,1526,9924
2016,Germany,ドイツ,83,633
2016,USA,アメリカ合衆国,210,1373
2016,Guam (rice),グアム（米）,207,2353
2017,Hong Kong,香港,716,2404
2017,Thailand,タイ,126,945
2017,UAE,アラブ首長国連邦,642,6741
2017,Taiwan,台湾,94121,857947
2017,Hong Kong,香港,182324,1417332
2017,Vietnam,ベトナム,946,7571
2017,Thailand,タイ,13997,116844
2017,Singapore,シンガポール,98229,815366
2017,Malaysia,マレーシア,3394,30878
2017,Philippines,フィリピン,5028,44360
2017,Indonesia,インドネシア,663,8239
2017,Laos,ラオス,8803,65027
2017,Macau,マカオ,11889,123549
2017,Barrane,バーレーン,52,1252
2017,UAE,アラブ首長国連邦,150,2886
2017,Denmark,デンマーク,1400,34766
2017,British,英国,33352,314316
2017,Netherlands,オランダ,37319,424863
2017,Belgium,ベルギー,14318,159983
2017,France,フランス,6044,60639
2017,Germany,ドイツ,9902,95540
2017,Switzerland,スイス,1763,23593
2017,Italy,イタリア,5208,56492
2017,Russia,ロシア,2307,23525
2017,Croatia,クロアチア,34,464
2017,Canada,カナダ,19968,205173
2017,USA,アメリカ合衆国,242181,2134586
2017,Mexico,メキシコ,4199,43108
2017,new zealand,ニュージーランド,4469,36321
2017,Taiwan,台湾,84974,458624
2017,Hong Kong,香港,141169,660082
2017,Vietnam,ベトナム,724,4673
2017,Thailand,タイ,14928,77102
2017,Singapore,シンガポール,49139,224123
2017,Malaysia,マレーシア,7553,41149
2017,Philippines,フィリピン,2554,13360
2017,Indonesia,インドネシア,289,1860
2017,Macau,マカオ,1088,6626
2017,Barrane,バーレーン,119,1642
2017,UAE,アラブ首長国連邦,113,1134
2017,British,英国,3784,23503
2017,Netherlands,オランダ,7920,49624
2017,Belgium,ベルギー,2388,13815
2017,France,フランス,86,560
2017,Germany,ドイツ,836,4697
2017,Switzerland,スイス,68,504
2017,Italy,イタリア,2284,16223
2017,Russia,ロシア,759,5126
2017,Croatia,クロアチア,107,852
2017,Canada,カナダ,2174,14344
2017,USA,アメリカ合衆国,32835,163280
2017,Mexico,メキシコ,747,4924
2017,new zealand,ニュージーランド,475,3233
2017,Taiwan,台湾,44470,227978
2017,Hong Kong,香港,44609,164918
2017,Vietnam,ベトナム,69,249
2017,Thailand,タイ,3711,14856
2017,Singapore,シンガポール,20795,72056
2017,Malaysia,マレーシア,4786,23322
2017,Philippines,フィリピン,886,2836
2017,Indonesia,インドネシア,124,765
2017,Macau,マカオ,969,3313
2017,Barrane,バーレーン,59,819
2017,UAE,アラブ首長国連邦,21,348
2017,British,英国,191,1079
2017,Netherlands,オランダ,1186,7108
2017,Belgium,ベルギー,947,4068
2017,Germany,ドイツ,171,804
2017,Italy,イタリア,438,2253
2017,Russia,ロシア,57,363
2017,Canada,カナダ,66,570
2017,USA,アメリカ合衆国,8327,37825
2017,Mexico,メキシコ,96,454
2017,new zealand,ニュージーランド,74,395
2017,Taiwan,台湾,112174,671459
2017,Hong Kong,香港,68532,311699
2017,Vietnam,ベトナム,110,446
2017,Thailand,タイ,3471,26542
2017,Singapore,シンガポール,10176,63606
2017,Malaysia,マレーシア,1552,10067
2017,Philippines,フィリピン,1108,12746
2017,Laos,ラオス,16303,111511
2017,Macau,マカオ,826,12348
2017,Barrane,バーレーン,48,666
2017,UAE,アラブ首長国連邦,53,594
2017,Denmark,デンマーク,1019,9729
2017,British,英国,2013,16725
2017,Netherlands,オランダ,2073,20029
2017,France,フランス,90,932
2017,Germany,ドイツ,3424,29265
2017,Switzerland,スイス,615,6549
2017,Italy,イタリア,600,4952
2017,Russia,ロシア,164,1561
2017,Croatia,クロアチア,78,729
2017,Canada,カナダ,3230,30706
2017,USA,アメリカ合衆国,44576,314626
2017,Mexico,メキシコ,293,2817
2017,UAE,アラブ首長国連邦,236,2478
2017,Taiwan,台湾,24955,197260
2017,Mongolia,モンゴル,1540,13583
2017,Hong Kong,香港,209784,1507802
2017,Vietnam,ベトナム,16124,145087
2017,Thailand,タイ,62717,495188
2017,Singapore,シンガポール,22909,138082
2017,Malaysia,マレーシア,692,3656
2017,Philippines,フィリピン,4117,33345
2017,Indonesia,インドネシア,1989,11641
2017,Cambodia,カンボジア,490900,3785882
2017,Laos,ラオス,19664,148495
2017,Myanmar,ミャンマー,515,2683
2017,Bangladesh,バングラデシュ,830,6383
2017,Macau,マカオ,41172,411180
2017,Qatar,カタール,1052,21315
2017,UAE,アラブ首長国連邦,3184,44589
2017,Tajikistan,タジキスタン,34949,292707
2017,Germany,ドイツ,756,6958
2017,USA,アメリカ合衆国,72621,582461
2017,Mexico,メキシコ,47,450
2017,Brazil,ブラジル,43,410
2017,new zealand,ニュージーランド,149,1426
2017,Guam (rice),グアム（米）,207,1890
2017,North Mariana Islands (USA),北マリアナ諸島（米）,732,6494
2017,Taiwan,台湾,8737,45665
2017,Hong Kong,香港,91928,412798
2017,Vietnam,ベトナム,8124,49805
2017,Thailand,タイ,24143,113113
2017,Singapore,シンガポール,26122,71556
2017,Malaysia,マレーシア,2022,10023
2017,Philippines,フィリピン,828,4614
2017,Indonesia,インドネシア,5006,23909
2017,Cambodia,カンボジア,60532,368203
2017,Myanmar,ミャンマー,215,615
2017,Macau,マカオ,1551,7185
2017,UAE,アラブ首長国連邦,1900,12070
2017,Tajikistan,タジキスタン,2470,13977
2017,USA,アメリカ合衆国,14625,66289
2017,Taiwan,台湾,3570,17865
2017,Hong Kong,香港,23726,101835
2017,Vietnam,ベトナム,4864,27464
2017,Thailand,タイ,24869,101852
2017,Singapore,シンガポール,12229,25328
2017,Malaysia,マレーシア,1146,5663
2017,Philippines,フィリピン,102,367
2017,Indonesia,インドネシア,737,3372
2017,Cambodia,カンボジア,15678,100177
2017,Macau,マカオ,4348,21941
2017,UAE,アラブ首長国連邦,854,3906
2017,Tajikistan,タジキスタン,4970,29551
2017,Germany,ドイツ,58,251
2017,USA,アメリカ合衆国,2905,13737
2017,North Mariana Islands (USA),北マリアナ諸島（米）,89,745
2017,Taiwan,台湾,991,5075
2017,Hong Kong,香港,7058,51930
2017,Vietnam,ベトナム,1622,11134
2017,Thailand,タイ,5975,30948
2017,Singapore,シンガポール,4209,14710
2017,Malaysia,マレーシア,544,2722
2017,Indonesia,インドネシア,144,1297
2017,Laos,ラオス,14982,104080
2017,Myanmar,ミャンマー,924,2888
2017,Bangladesh,バングラデシュ,265,2041
2017,Macau,マカオ,2241,19215
2017,Qatar,カタール,367,3554
2017,UAE,アラブ首長国連邦,577,4597
2017,USA,アメリカ合衆国,2934,10727
2017,Guam (rice),グアム（米）,106,964
2017,North Mariana Islands (USA),北マリアナ諸島（米）,29,233
2018,Hong Kong,香港,2901,9813
2018,Malaysia,マレーシア,36,244
2018,Taiwan,台湾,154052,1233907
2018,Hong Kong,香港,203851,1568331
2018,Vietnam,ベトナム,543,4453
2018,Thailand,タイ,19003,144357
2018,Singapore,シンガポール,117345,970393
2018,Malaysia,マレーシア,10180,84417
2018,Philippines,フィリピン,4878,48378
2018,Indonesia,インドネシア,2174,16848
2018,Myanmar,ミャンマー,355,3025
2018,Macau,マカオ,17173,165718
2018,UAE,アラブ首長国連邦,151,2547
2018,Denmark,デンマーク,1802,30077
2018,British,英国,49690,465898
2018,Netherlands,オランダ,43637,515614
2018,Belgium,ベルギー,16526,176204
2018,France,フランス,5350,50631
2018,Monaco,モナコ,235,3549
2018,Germany,ドイツ,13272,132630
2018,Switzerland,スイス,4467,53707
2018,Italy,イタリア,7904,82025
2018,Russia,ロシア,3627,43590
2018,Canada,カナダ,19188,182025
2018,USA,アメリカ合衆国,281963,2497760
2018,Mexico,メキシコ,9795,138008
2018,Argentina,アルゼンチン,83,834
2018,Australia,オーストラリア,7277,77088
2018,new zealand,ニュージーランド,4350,36065
2018,Taiwan,台湾,237856,1285795
2018,Hong Kong,香港,166824,799105
2018,Vietnam,ベトナム,2042,8282
2018,Thailand,タイ,20553,103787
2018,Singapore,シンガポール,63844,295637
2018,Malaysia,マレーシア,17267,95133
2018,Philippines,フィリピン,2252,13696
2018,Indonesia,インドネシア,2879,12603
2018,Myanmar,ミャンマー,214,822
2018,Macau,マカオ,648,3994
2018,UAE,アラブ首長国連邦,157,1294
2018,Denmark,デンマーク,443,2803
2018,British,英国,3909,24382
2018,Netherlands,オランダ,13304,85341
2018,Belgium,ベルギー,2189,12110
2018,France,フランス,678,3902
2018,Germany,ドイツ,1379,7565
2018,Switzerland,スイス,120,1207
2018,Italy,イタリア,2777,19848
2018,Russia,ロシア,676,4229
2018,Canada,カナダ,3134,20247
2018,USA,アメリカ合衆国,24809,122027
2018,Mexico,メキシコ,3558,27480
2018,Argentina,アルゼンチン,58,246
2018,Australia,オーストラリア,8250,48327
2018,new zealand,ニュージーランド,322,2076
2018,Taiwan,台湾,99880,516215
2018,Hong Kong,香港,61956,250393
2018,Vietnam,ベトナム,207,1577
2018,Thailand,タイ,9724,36807
2018,Singapore,シンガポール,29416,106062
2018,Malaysia,マレーシア,6887,34720
2018,Philippines,フィリピン,829,4078
2018,Indonesia,インドネシア,219,1468
2018,Myanmar,ミャンマー,379,1411
2018,Macau,マカオ,797,3932
2018,Denmark,デンマーク,1460,6457
2018,British,英国,1547,9019
2018,Netherlands,オランダ,2629,16363
2018,Belgium,ベルギー,756,3482
2018,France,フランス,56,204
2018,Germany,ドイツ,141,831
2018,Switzerland,スイス,61,246
2018,Italy,イタリア,1151,4885
2018,Russia,ロシア,417,2990
2018,Canada,カナダ,55,309
2018,USA,アメリカ合衆国,11628,37825
2018,Mexico,メキシコ,389,1811
2018,Australia,オーストラリア,2959,15904
2018,new zealand,ニュージーランド,97,537
2018,Taiwan,台湾,39883,275667
2018,Hong Kong,香港,20893,85307
2018,Vietnam,ベトナム,107,383
2018,Thailand,タイ,2733,14519
2018,Singapore,シンガポール,8310,43317
2018,Malaysia,マレーシア,1240,6610
2018,Philippines,フィリピン,425,4992
2018,Macau,マカオ,392,6695
2018,Denmark,デンマーク,1316,10490
2018,British,英国,410,3612
2018,Germany,ドイツ,1217,11079
2018,Switzerland,スイス,370,3654
2018,Italy,イタリア,1019,9032
2018,Canada,カナダ,4774,30157
2018,USA,アメリカ合衆国,14663,72063
2018,Australia,オーストラリア,35,224
2018,Taiwan,台湾,32884,257817
2018,Mongolia,モンゴル,408,3636
2018,Hong Kong,香港,145910,1059390
2018,Vietnam,ベトナム,28590,247513
2018,Thailand,タイ,72044,542590
2018,Singapore,シンガポール,19504,131166
2018,Malaysia,マレーシア,1660,13850
2018,Philippines,フィリピン,6706,52634
2018,Indonesia,インドネシア,2572,13631
2018,Cambodia,カンボジア,675168,5126715
2018,Laos,ラオス,38217,284400
2018,Sri Lanka,スリランカ,20,245
2018,Macau,マカオ,46392,472312
2018,Barrane,バーレーン,340,7907
2018,Qatar,カタール,1922,34305
2018,UAE,アラブ首長国連邦,5006,76670
2018,Tajikistan,タジキスタン,43220,345633
2018,France,フランス,52,362
2018,Germany,ドイツ,219,1967
2018,Russia,ロシア,218,2229
2018,Canada,カナダ,1764,17061
2018,USA,アメリカ合衆国,60318,518460
2018,Mexico,メキシコ,55,604
2018,Brazil,ブラジル,271,2764
2018,Australia,オーストラリア,22,233
2018,new zealand,ニュージーランド,156,1542
2018,Guam (rice),グアム（米）,454,4435
2018,North Mariana Islands (USA),北マリアナ諸島（米）,275,2383
2018,Taiwan,台湾,19228,97282
2018,Hong Kong,香港,116636,542486
2018,Vietnam,ベトナム,18766,110159
2018,Thailand,タイ,50813,245710
2018,Singapore,シンガポール,10620,42473
2018,Malaysia,マレーシア,1955,11987
2018,Philippines,フィリピン,1093,6196
2018,Indonesia,インドネシア,2116,8237
2018,Cambodia,カンボジア,157207,871305
2018,Laos,ラオス,1933,8647
2018,Myanmar,ミャンマー,152,688
2018,Macau,マカオ,2447,11533
2018,Qatar,カタール,169,1323
2018,UAE,アラブ首長国連邦,2257,17388
2018,Tajikistan,タジキスタン,4868,33421
2018,France,フランス,35,222
2018,Germany,ドイツ,114,688
2018,Russia,ロシア,265,1926
2018,USA,アメリカ合衆国,53241,118619
2018,Australia,オーストラリア,45,287
2018,new zealand,ニュージーランド,80,508
2018,Taiwan,台湾,5452,28931
2018,Hong Kong,香港,36252,166875
2018,Vietnam,ベトナム,9098,45701
2018,Thailand,タイ,58570,249800
2018,Singapore,シンガポール,4946,16909
2018,Malaysia,マレーシア,630,3452
2018,Philippines,フィリピン,167,797
2018,Indonesia,インドネシア,817,3796
2018,Cambodia,カンボジア,46471,292912
2018,Laos,ラオス,121,524
2018,Myanmar,ミャンマー,105,475
2018,Macau,マカオ,7936,41526
2018,UAE,アラブ首長国連邦,1494,8744
2018,Tajikistan,タジキスタン,3103,19139
2018,Germany,ドイツ,74,441
2018,Russia,ロシア,203,1483
2018,USA,アメリカ合衆国,1219,5982
2018,Australia,オーストラリア,156,557
2018,North Mariana Islands (USA),北マリアナ諸島（米）,156,1361
2018,Taiwan,台湾,2896,19122
2018,Hong Kong,香港,18062,51906
2018,Vietnam,ベトナム,1993,12013
2018,Thailand,タイ,7319,32913
2018,Singapore,シンガポール,4217,11669
2018,Malaysia,マレーシア,398,2270
2018,Indonesia,インドネシア,124,627
2018,Cambodia,カンボジア,1534,9730
2018,Laos,ラオス,42273,299209
2018,Myanmar,ミャンマー,425,1683
2018,Macau,マカオ,992,8833
2018,UAE,アラブ首長国連邦,559,6307
2018,Tajikistan,タジキスタン,172,1297
2018,USA,アメリカ合衆国,1607,6657
2018,Australia,オーストラリア,90,449
2018,Guam (rice),グアム（米）,237,2337
2019,Hong Kong,香港,326,1142
2019,Taiwan,台湾,127,500
2019,Thailand,タイ,139,1160
2019,Malaysia,マレーシア,19,282
2019,Belgium,ベルギー,39,352
2019,USA,アメリカ合衆国,237,1723
2019,Taiwan,台湾,164884,1259686
2019,Hong Kong,香港,208060,1562647
2019,Vietnam,ベトナム,3701,36821
2019,Thailand,タイ,15427,112937
2019,Singapore,シンガポール,128285,994998
2019,Malaysia,マレーシア,9428,81346
2019,Philippines,フィリピン,4087,39158
2019,Indonesia,インドネシア,1789,18070
2019,Macau,マカオ,15843,158479
2019,Qatar,カタール,58,564
2019,UAE,アラブ首長国連邦,244,5992
2019,Denmark,デンマーク,1436,16694
2019,British,英国,59487,566181
2019,Netherlands,オランダ,50627,602311
2019,Belgium,ベルギー,31880,308054
2019,France,フランス,5188,57059
2019,Monaco,モナコ,307,4625
2019,Germany,ドイツ,16664,161994
2019,Switzerland,スイス,3416,38322
2019,Spain,スペイン,100,1272
2019,Italy,イタリア,12592,139043
2019,Poland,ポーランド,84,944
2019,Russia,ロシア,3310,39607
2019,Greece,ギリシャ,212,2427
2019,Canada,カナダ,23914,237574
2019,USA,アメリカ合衆国,302545,2632284
2019,Mexico,メキシコ,9743,139389
2019,Australia,オーストラリア,12389,120276
2019,new zealand,ニュージーランド,5046,40353
2019,Taiwan,台湾,253479,1244944
2019,Hong Kong,香港,225675,1036126
2019,Vietnam,ベトナム,6048,33741
2019,Thailand,タイ,19754,98156
2019,Singapore,シンガポール,57406,242710
2019,Malaysia,マレーシア,21938,118541
2019,Philippines,フィリピン,1813,10219
2019,Indonesia,インドネシア,2457,11986
2019,Macau,マカオ,1508,7951
2019,Qatar,カタール,99,963
2019,UAE,アラブ首長国連邦,195,2060
2019,Denmark,デンマーク,364,2390
2019,British,英国,3264,19633
2019,Netherlands,オランダ,7089,47789
2019,Belgium,ベルギー,2784,14094
2019,France,フランス,926,5955
2019,Germany,ドイツ,723,3827
2019,Switzerland,スイス,40,228
2019,Italy,イタリア,3939,28464
2019,Russia,ロシア,716,4075
2019,Greece,ギリシャ,147,1672
2019,Canada,カナダ,1319,9890
2019,USA,アメリカ合衆国,20941,105422
2019,Mexico,メキシコ,3335,20452
2019,Australia,オーストラリア,15780,89142
2019,new zealand,ニュージーランド,297,1889
2019,Taiwan,台湾,120662,549307
2019,Hong Kong,香港,84678,334560
2019,Vietnam,ベトナム,51,238
2019,Thailand,タイ,8286,34427
2019,Singapore,シンガポール,30930,94097
2019,Malaysia,マレーシア,9570,48418
2019,Philippines,フィリピン,370,2283
2019,Indonesia,インドネシア,316,1817
2019,Macau,マカオ,488,2077
2019,Qatar,カタール,56,547
2019,Denmark,デンマーク,166,725
2019,British,英国,1697,10879
2019,Netherlands,オランダ,3396,20327
2019,Belgium,ベルギー,1073,5919
2019,France,フランス,207,786
2019,Germany,ドイツ,128,718
2019,Switzerland,スイス,37,237
2019,Italy,イタリア,1138,5624
2019,Russia,ロシア,291,2021
2019,Greece,ギリシャ,78,886
2019,Canada,カナダ,505,2169
2019,USA,アメリカ合衆国,6875,32259
2019,Mexico,メキシコ,301,1342
2019,Australia,オーストラリア,5606,29953
2019,Taiwan,台湾,16750,85824
2019,Hong Kong,香港,8047,29081
2019,Thailand,タイ,3671,15741
2019,Singapore,シンガポール,2455,10544
2019,Malaysia,マレーシア,1418,6706
2019,Philippines,フィリピン,134,649
2019,Macau,マカオ,31,574
2019,Denmark,デンマーク,166,1691
2019,Belgium,ベルギー,321,1008
2019,Italy,イタリア,694,6532
2019,Greece,ギリシャ,24,273
2019,Canada,カナダ,4206,23319
2019,USA,アメリカ合衆国,3102,19367
2019,Australia,オーストラリア,139,884
2019,Taiwan,台湾,44834,333688
2019,Mongolia,モンゴル,283,2511
2019,Hong Kong,香港,137480,984657
2019,Vietnam,ベトナム,28552,263552
2019,Thailand,タイ,108332,856164
2019,Singapore,シンガポール,24618,163637
2019,Malaysia,マレーシア,1758,13085
2019,Philippines,フィリピン,18777,155901
2019,Indonesia,インドネシア,3757,20241
2019,Cambodia,カンボジア,895813,7071662
2019,Laos,ラオス,14380,97788
2019,Myanmar,ミャンマー,1551,9035
2019,Sri Lanka,スリランカ,25,250
2019,Macau,マカオ,46649,438964
2019,Barrane,バーレーン,197,7043
2019,Qatar,カタール,1555,20886
2019,Oman,オマーン,19,400
2019,UAE,アラブ首長国連邦,14030,190972
2019,Azerbaijan,アゼルバイジャン,118,595
2019,Tajikistan,タジキスタン,40558,288429
2019,Germany,ドイツ,320,3884
2019,Italy,イタリア,41,430
2019,Russia,ロシア,723,7846
2019,Canada,カナダ,47,385
2019,USA,アメリカ合衆国,14366,143598
2019,Brazil,ブラジル,2851,23521
2019,Uruguay,ウルグアイ,24,278
2019,Australia,オーストラリア,45,481
2019,new zealand,ニュージーランド,360,3424
2019,Guam (rice),グアム（米）,978,9613
2019,North Mariana Islands (USA),北マリアナ諸島（米）,288,2589
2019,Taiwan,台湾,27329,131746
2019,Mongolia,モンゴル,73,447
2019,Hong Kong,香港,149494,690795
2019,Vietnam,ベトナム,8367,37250
2019,Thailand,タイ,54445,250488
2019,Singapore,シンガポール,28246,123293
2019,Malaysia,マレーシア,4088,20082
2019,Philippines,フィリピン,657,5286
2019,Indonesia,インドネシア,4464,16754
2019,Cambodia,カンボジア,135140,683353
2019,Laos,ラオス,72,385
2019,Myanmar,ミャンマー,759,3640
2019,Macau,マカオ,1202,6406
2019,Barrane,バーレーン,45,1161
2019,Qatar,カタール,207,1779
2019,Oman,オマーン,18,209
2019,UAE,アラブ首長国連邦,5906,33291
2019,Tajikistan,タジキスタン,1707,7599
2019,Germany,ドイツ,49,367
2019,Italy,イタリア,31,201
2019,Russia,ロシア,95,709
2019,USA,アメリカ合衆国,5441,26680
2019,Brazil,ブラジル,41,249
2019,Australia,オーストラリア,414,2347
2019,new zealand,ニュージーランド,40,271
2019,Taiwan,台湾,7251,34687
2019,Hong Kong,香港,52321,235386
2019,Vietnam,ベトナム,5668,31938
2019,Thailand,タイ,46403,200693
2019,Singapore,シンガポール,9816,28926
2019,Malaysia,マレーシア,2306,10266
2019,Philippines,フィリピン,114,734
2019,Indonesia,インドネシア,666,2715
2019,Cambodia,カンボジア,23007,121625
2019,Laos,ラオス,96,840
2019,Myanmar,ミャンマー,458,1629
2019,Macau,マカオ,8986,44817
2019,Qatar,カタール,58,523
2019,UAE,アラブ首長国連邦,2278,9964
2019,Tajikistan,タジキスタン,3487,15593
2019,Russia,ロシア,15,226
2019,USA,アメリカ合衆国,413,1487
2019,Australia,オーストラリア,19426,9005
2019,Taiwan,台湾,2569,5633
2019,Hong Kong,香港,7520,34781
2019,Vietnam,ベトナム,1787,13048
2019,Thailand,タイ,5693,23133
2019,Singapore,シンガポール,2166,8368
2019,Malaysia,マレーシア,344,1655
2019,Philippines,フィリピン,16411,27177
2019,Indonesia,インドネシア,65,301
2019,Cambodia,カンボジア,75,459
2019,Laos,ラオス,22200,126702
2019,Myanmar,ミャンマー,26,379
2019,Macau,マカオ,283,2958
2019,UAE,アラブ首長国連邦,960,6875
2019,USA,アメリカ合衆国,1650,17526
2019,Brazil,ブラジル,341,2662
2019,Australia,オーストラリア,699,3178
2019,Guam (rice),グアム（米）,259,2444
2020,Hong Kong,香港,693,2315
2020,Taiwan,台湾,1268,7465
2020,Malaysia,マレーシア,186,1478
2020,Belgium,ベルギー,330,2825
2020,USA,アメリカ合衆国,2887,21566
2020,Taiwan,台湾,218023,1514318
2020,Hong Kong,香港,208865,1391571
2020,Vietnam,ベトナム,6223,61437
2020,Thailand,タイ,9847,72697
2020,Singapore,シンガポール,122919,940172
2020,Malaysia,マレーシア,14325,113025
2020,Philippines,フィリピン,2027,23581
2020,Indonesia,インドネシア,2493,23373
2020,Macau,マカオ,8524,78424
2020,Qatar,カタール,73,1326
2020,Oman,オマーン,83,1714
2020,UAE,アラブ首長国連邦,855,20259
2020,Denmark,デンマーク,1440,15294
2020,British,英国,25590,218620
2020,Netherlands,オランダ,46717,479193
2020,Belgium,ベルギー,38844,342726
2020,France,フランス,4559,47626
2020,Monaco,モナコ,102,1544
2020,Germany,ドイツ,11287,105699
2020,Switzerland,スイス,3750,40107
2020,Spain,スペイン,477,4973
2020,Italy,イタリア,5554,57402
2020,Poland,ポーランド,578,6080
2020,Russia,ロシア,4490,53605
2020,Greece,ギリシャ,295,2704
2020,Canada,カナダ,34504,303576
2020,USA,アメリカ合衆国,477302,4053511
2020,Mexico,メキシコ,6430,64768
2020,Australia,オーストラリア,16546,165414
2020,new zealand,ニュージーランド,326,3049
2020,Taiwan,台湾,385445,1767611
2020,Hong Kong,香港,258512,1158522
2020,Vietnam,ベトナム,4572,24737
2020,Thailand,タイ,15020,66218
2020,Singapore,シンガポール,57536,227265
2020,Malaysia,マレーシア,39085,209188
2020,Philippines,フィリピン,1976,13905
2020,Indonesia,インドネシア,2233,14730
2020,Macau,マカオ,3785,25307
2020,Qatar,カタール,53,524
2020,UAE,アラブ首長国連邦,687,7842
2020,Denmark,デンマーク,137,690
2020,British,英国,1729,9868
2020,Netherlands,オランダ,3766,25439
2020,Belgium,ベルギー,2260,12662
2020,France,フランス,279,2023
2020,Germany,ドイツ,1169,6319
2020,Switzerland,スイス,34,215
2020,Spain,スペイン,77,507
2020,Italy,イタリア,2550,17573
2020,Russia,ロシア,1660,11487
2020,Canada,カナダ,2645,15809
2020,USA,アメリカ合衆国,52026,271832
2020,Mexico,メキシコ,1224,6706
2020,Australia,オーストラリア,24236,154295
2020,Taiwan,台湾,176817,746011
2020,Hong Kong,香港,113719,438194
2020,Vietnam,ベトナム,1366,8301
2020,Thailand,タイ,6953,26650
2020,Singapore,シンガポール,33198,113276
2020,Malaysia,マレーシア,19814,92178
2020,Philippines,フィリピン,1083,7153
2020,Indonesia,インドネシア,282,1444
2020,Macau,マカオ,7065,31667
2020,Georgia,ジョージア,16,217
2020,British,英国,584,3681
2020,Netherlands,オランダ,2691,14636
2020,Belgium,ベルギー,2368,12314
2020,Germany,ドイツ,255,1037
2020,Italy,イタリア,799,3315
2020,Poland,ポーランド,75,348
2020,Russia,ロシア,149,1017
2020,Canada,カナダ,618,2307
2020,USA,アメリカ合衆国,18930,86632
2020,Mexico,メキシコ,300,1219
2020,Australia,オーストラリア,4420,25994
2020,Taiwan,台湾,25112,109584
2020,Hong Kong,香港,14698,57752
2020,Thailand,タイ,1395,6305
2020,Singapore,シンガポール,2880,9896
2020,Malaysia,マレーシア,4132,19686
2020,Philippines,フィリピン,121,678
2020,Macau,マカオ,232,1641
2020,France,フランス,231,1858
2020,Italy,イタリア,67,643
2020,Canada,カナダ,1814,8836
2020,USA,アメリカ合衆国,11076,45127
2020,Australia,オーストラリア,137,1061
2020,Taiwan,台湾,59,402
2020,Taiwan,台湾,32860,225426
2020,Hong Kong,香港,195069,1178048
2020,Vietnam,ベトナム,33532,293877
2020,Thailand,タイ,108814,777949
2020,Singapore,シンガポール,52006,329482
2020,Malaysia,マレーシア,3653,21969
2020,Philippines,フィリピン,8760,74606
2020,Indonesia,インドネシア,6011,53583
2020,Cambodia,カンボジア,1085264,8027471
2020,Laos,ラオス,28662,124781
2020,Myanmar,ミャンマー,1445,6743
2020,Bangladesh,バングラデシュ,8561,48083
2020,Macau,マカオ,29423,234786
2020,Barrane,バーレーン,231,5145
2020,Qatar,カタール,1391,18788
2020,UAE,アラブ首長国連邦,12320,147401
2020,Tajikistan,タジキスタン,46499,216506
2020,Netherlands,オランダ,639,5374
2020,Germany,ドイツ,562,5319
2020,Switzerland,スイス,88,507
2020,Russia,ロシア,1598,17044
2020,Canada,カナダ,900,8774
2020,USA,アメリカ合衆国,48121,407463
2020,Brazil,ブラジル,4659,37032
2020,Australia,オーストラリア,98,1253
2020,new zealand,ニュージーランド,7130,56198
2020,Taiwan,台湾,46739,203145
2020,Hong Kong,香港,283836,1178980
2020,Vietnam,ベトナム,12616,53633
2020,Thailand,タイ,42636,190023
2020,Singapore,シンガポール,62637,273688
2020,Malaysia,マレーシア,13115,62948
2020,Philippines,フィリピン,1173,6131
2020,Indonesia,インドネシア,5478,46693
2020,Cambodia,カンボジア,183146,887316
2020,Laos,ラオス,70,273
2020,Myanmar,ミャンマー,2312,9773
2020,Macau,マカオ,4674,24611
2020,Qatar,カタール,282,3482
2020,UAE,アラブ首長国連邦,8176,56046
2020,Tajikistan,タジキスタン,13340,38155
2020,France,フランス,33,276
2020,Germany,ドイツ,342,2976
2020,Russia,ロシア,293,2187
2020,Canada,カナダ,496,1944
2020,USA,アメリカ合衆国,5635,27795
2020,Brazil,ブラジル,36,266
2020,Australia,オーストラリア,105,783
2020,new zealand,ニュージーランド,403,2345
2020,Taiwan,台湾,22794,91818
2020,Hong Kong,香港,98645,385382
2020,Vietnam,ベトナム,7268,31774
2020,Thailand,タイ,37026,133788
2020,Singapore,シンガポール,29306,107624
2020,Malaysia,マレーシア,8580,37321
2020,Philippines,フィリピン,3327,5589
2020,Indonesia,インドネシア,1122,7805
2020,Cambodia,カンボジア,146905,627761
2020,Myanmar,ミャンマー,663,2543
2020,Macau,マカオ,3702,15824
2020,Qatar,カタール,25,316
2020,UAE,アラブ首長国連邦,3836,20241
2020,Tajikistan,タジキスタン,3190,6839
2020,Germany,ドイツ,204,1004
2020,Russia,ロシア,186,1388
2020,Canada,カナダ,204,700
2020,USA,アメリカ合衆国,812,4108
2020,Australia,オーストラリア,504,2307
2020,new zealand,ニュージーランド,215,921
2020,Taiwan,台湾,3033,9948
2020,Hong Kong,香港,25516,125041
2020,Vietnam,ベトナム,1126,8921
2020,Thailand,タイ,1758,3989
2020,Singapore,シンガポール,11072,62215
2020,Malaysia,マレーシア,1449,6532
2020,Philippines,フィリピン,135349,155333
2020,Indonesia,インドネシア,68,317
2020,Cambodia,カンボジア,1420,4871
2020,Laos,ラオス,239,1510
2020,Bangladesh,バングラデシュ,5776,32442
2020,Qatar,カタール,50,618
2020,UAE,アラブ首長国連邦,2347,14021
2020,Tajikistan,タジキスタン,3864,7103
2020,Netherlands,オランダ,787,4717
2020,Russia,ロシア,208,1470
2020,USA,アメリカ合衆国,1969,14129
2020,Brazil,ブラジル,180,1047
2020,Australia,オーストラリア,80,755
2020,new zealand,ニュージーランド,1716,13186
2021,Taiwan,台湾,281,1641
2021,Singapore,シンガポール,248,2048
2021,Malaysia,マレーシア,466,3214
2021,Macau,マカオ,64,278
2021,Belgium,ベルギー,478,4710
2021,USA,アメリカ合衆国,2695,21630
2021,Taiwan,台湾,228211,1731103
2021,Hong Kong,香港,253007,1926499
2021,Vietnam,ベトナム,4680,46161
2021,Thailand,タイ,8416,63545
2021,Singapore,シンガポール,164088,1278948
2021,Malaysia,マレーシア,34406,280760
2021,Philippines,フィリピン,3043,55877
2021,Indonesia,インドネシア,1576,17182
2021,Cambodia,カンボジア,302,2884
2021,Macau,マカオ,7461,70998
2021,Qatar,カタール,121,2161
2021,Oman,オマーン,92,1970
2021,UAE,アラブ首長国連邦,1855,47153
2021,Denmark,デンマーク,2359,25548
2021,British,英国,69237,659264
2021,Netherlands,オランダ,106133,1189752
2021,Belgium,ベルギー,82060,841912
2021,France,フランス,26905,272293
2021,Monaco,モナコ,3541,40479
2021,Germany,ドイツ,28894,298452
2021,Switzerland,スイス,4167,46233
2021,Spain,スペイン,7189,76036
2021,Italy,イタリア,17190,179870
2021,Malta,マルタ,279,2648
2021,Poland,ポーランド,2988,30461
2021,Russia,ロシア,7261,85966
2021,Greece,ギリシャ,3102,32560
2021,Romania,ルーマニア,49,560
2021,Slovakia,スロバキア,114,1546
2021,Canada,カナダ,58800,579175
2021,USA,アメリカ合衆国,910823,8816682
2021,Mexico,メキシコ,15388,142203
2021,Australia,オーストラリア,28138,303750
2021,new zealand,ニュージーランド,102,1024
2021,Taiwan,台湾,390867,1992958
2021,Hong Kong,香港,217884,1088432
2021,Vietnam,ベトナム,4407,25490
2021,Thailand,タイ,13439,63593
2021,Singapore,シンガポール,78327,348628
2021,Malaysia,マレーシア,77463,431817
2021,Philippines,フィリピン,2339,20528
2021,Indonesia,インドネシア,3119,22455
2021,Macau,マカオ,4579,29731
2021,Qatar,カタール,136,1376
2021,UAE,アラブ首長国連邦,4834,44425
2021,British,英国,5460,33722
2021,Netherlands,オランダ,13395,96267
2021,Belgium,ベルギー,11096,59880
2021,France,フランス,2720,9298
2021,Monaco,モナコ,349,2951
2021,Germany,ドイツ,2316,13433
2021,Switzerland,スイス,305,2077
2021,Spain,スペイン,742,4992
2021,Italy,イタリア,6108,41159
2021,Malta,マルタ,61,448
2021,Poland,ポーランド,70,457
2021,Russia,ロシア,1877,13919
2021,Greece,ギリシャ,735,4318
2021,Slovakia,スロバキア,62,567
2021,Canada,カナダ,3234,20016
2021,USA,アメリカ合衆国,110551,608445
2021,Mexico,メキシコ,3139,19064
2021,Australia,オーストラリア,36091,239462
2021,Taiwan,台湾,176432,837065
2021,Hong Kong,香港,83755,367786
2021,Vietnam,ベトナム,75,377
2021,Thailand,タイ,5597,21380
2021,Singapore,シンガポール,44190,168085
2021,Malaysia,マレーシア,32850,163349
2021,Philippines,フィリピン,1267,8965
2021,Indonesia,インドネシア,754,4761
2021,Macau,マカオ,4939,21815
2021,Qatar,カタール,81,497
2021,UAE,アラブ首長国連邦,2403,16365
2021,British,英国,1870,12218
2021,Netherlands,オランダ,4683,27125
2021,Belgium,ベルギー,7092,50473
2021,France,フランス,991,2084
2021,Germany,ドイツ,533,2411
2021,Spain,スペイン,520,3016
2021,Italy,イタリア,1403,6502
2021,Russia,ロシア,277,2075
2021,Canada,カナダ,202,1002
2021,USA,アメリカ合衆国,36812,177674
2021,Mexico,メキシコ,457,2470
2021,Australia,オーストラリア,9736,64956
2021,Taiwan,台湾,22294,105494
2021,Hong Kong,香港,10610,44435
2021,Thailand,タイ,757,3660
2021,Singapore,シンガポール,5326,20931
2021,Malaysia,マレーシア,6608,33213
2021,Philippines,フィリピン,74,853
2021,Macau,マカオ,447,3258
2021,UAE,アラブ首長国連邦,636,4351
2021,British,英国,78,810
2021,France,フランス,71,624
2021,Germany,ドイツ,33,208
2021,Italy,イタリア,103,714
2021,Poland,ポーランド,53,563
2021,Russia,ロシア,145,1594
2021,Greece,ギリシャ,102,637
2021,Canada,カナダ,296,2285
2021,USA,アメリカ合衆国,19330,112587
2021,Mexico,メキシコ,115,1224
2021,Australia,オーストラリア,293,1744
2021,Taiwan,台湾,37534,294877
2021,Mongolia,モンゴル,223,2047
2021,Hong Kong,香港,207712,1410713
2021,Vietnam,ベトナム,58594,550425
2021,Thailand,タイ,148247,1075161
2021,Singapore,シンガポール,55425,365025
2021,Malaysia,マレーシア,6673,46084
2021,Philippines,フィリピン,13527,112869
2021,Indonesia,インドネシア,5582,60603
2021,Cambodia,カンボジア,1550516,12009139
2021,Laos,ラオス,38026,248828
2021,Myanmar,ミャンマー,2014,9428
2021,Maldives,モルディブ,27,224
2021,Bangladesh,バングラデシュ,7350,66707
2021,Macau,マカオ,79949,645527
2021,Barrane,バーレーン,874,19221
2021,Qatar,カタール,2439,38686
2021,UAE,アラブ首長国連邦,26667,354994
2021,Azerbaijan,アゼルバイジャン,18,272
2021,Tajikistan,タジキスタン,111208,697030
2021,British,英国,1355,15863
2021,Netherlands,オランダ,5135,56481
2021,Germany,ドイツ,1986,22070
2021,Russia,ロシア,2313,26165
2021,Canada,カナダ,1005,8958
2021,USA,アメリカ合衆国,140906,1340990
2021,Brazil,ブラジル,4537,41403
2021,Australia,オーストラリア,591,8479
2021,new zealand,ニュージーランド,6647,53926
2021,Guam (rice),グアム（米）,238,2581
2021,Taiwan,台湾,60917,311877
2021,Hong Kong,香港,379576,1765954
2021,Vietnam,ベトナム,18022,107631
2021,Thailand,タイ,71893,337958
2021,Singapore,シンガポール,97269,423713
2021,Malaysia,マレーシア,24357,128561
2021,Philippines,フィリピン,5214,25227
2021,Indonesia,インドネシア,9051,71689
2021,Cambodia,カンボジア,294397,1588278
2021,Myanmar,ミャンマー,218,669
2021,Bangladesh,バングラデシュ,1927,11070
2021,Macau,マカオ,33472,150269
2021,Barrane,バーレーン,167,3057
2021,Qatar,カタール,611,5807
2021,UAE,アラブ首長国連邦,18318,95126
2021,Tajikistan,タジキスタン,29817,99976
2021,British,英国,302,2110
2021,Netherlands,オランダ,1181,8363
2021,Germany,ドイツ,1080,8976
2021,Russia,ロシア,866,5619
2021,USA,アメリカ合衆国,44119,225600
2021,Australia,オーストラリア,171,1014
2021,new zealand,ニュージーランド,295,2304
2021,Taiwan,台湾,28825,111134
2021,Hong Kong,香港,154735,631719
2021,Vietnam,ベトナム,11141,60469
2021,Thailand,タイ,62712,257845
2021,Singapore,シンガポール,32048,120250
2021,Malaysia,マレーシア,13006,62526
2021,Philippines,フィリピン,5210,16025
2021,Indonesia,インドネシア,860,6212
2021,Cambodia,カンボジア,207265,915473
2021,Bangladesh,バングラデシュ,394,2449
2021,Macau,マカオ,23185,105483
2021,Barrane,バーレーン,108,1982
2021,Qatar,カタール,176,1541
2021,UAE,アラブ首長国連邦,10886,50980
2021,Tajikistan,タジキスタン,18413,31657
2021,Germany,ドイツ,681,4412
2021,Russia,ロシア,719,4210
2021,USA,アメリカ合衆国,7272,36842
2021,Australia,オーストラリア,346,1629
2021,new zealand,ニュージーランド,171,977
2021,Taiwan,台湾,4073,14642
2021,Hong Kong,香港,18955,84801
2021,Vietnam,ベトナム,2407,14162
2021,Thailand,タイ,2838,12978
2021,Singapore,シンガポール,10786,55974
2021,Malaysia,マレーシア,3856,20511
2021,Philippines,フィリピン,67559,109967
2021,Indonesia,インドネシア,101,523
2021,Cambodia,カンボジア,4003,29466
2021,Laos,ラオス,534,3258
2021,Macau,マカオ,964,4532
2021,Barrane,バーレーン,27,492
2021,Qatar,カタール,152,1217
2021,UAE,アラブ首長国連邦,6069,28988
2021,Netherlands,オランダ,4682,34579
2021,Russia,ロシア,672,6926
2021,USA,アメリカ合衆国,6789,46777
2021,Brazil,ブラジル,59,701
2021,Australia,オーストラリア,360,2056
2021,new zealand,ニュージーランド,1220,9077
2022,Singapore,シンガポール,361,2921
2022,Malaysia,マレーシア,682,5500
2022,USA,アメリカ合衆国,2787,20893
2022,Taiwan,台湾,340109,2553796
2022,Hong Kong,香港,241542,1862576
2022,Vietnam,ベトナム,8857,106579
2022,Thailand,タイ,10857,89952
2022,Singapore,シンガポール,200826,1603580
2022,Malaysia,マレーシア,38007,323164
2022,Philippines,フィリピン,5828,93305
2022,Indonesia,インドネシア,2718,27916
2022,Cambodia,カンボジア,157,2021
2022,Macau,マカオ,3713,38213
2022,Saudi Arabia,サウジアラビア,138,2312
2022,Qatar,カタール,43,406
2022,UAE,アラブ首長国連邦,567,16359
2022,Denmark,デンマーク,2074,23072
2022,British,英国,93016,897659
2022,Netherlands,オランダ,131977,1442367
2022,Belgium,ベルギー,76689,814365
2022,France,フランス,33863,362094
2022,Germany,ドイツ,48182,501613
2022,Switzerland,スイス,3664,42149
2022,Spain,スペイン,3144,32839
2022,Italy,イタリア,22434,230081
2022,Malta,マルタ,254,2745
2022,Poland,ポーランド,3959,39982
2022,Greece,ギリシャ,5665,58162
2022,Romania,ルーマニア,258,2929
2022,Canada,カナダ,68653,669663
2022,USA,アメリカ合衆国,694965,6079914
2022,Mexico,メキシコ,16829,153212
2022,Australia,オーストラリア,36194,376398
2022,new zealand,ニュージーランド,465,4633
2022,Taiwan,台湾,563131,2931836
2022,Hong Kong,香港,228663,1210599
2022,Vietnam,ベトナム,9172,60413
2022,Thailand,タイ,23381,124419
2022,Singapore,シンガポール,76767,367515
2022,Malaysia,マレーシア,81340,446616
2022,Philippines,フィリピン,2246,21593
2022,Indonesia,インドネシア,4891,33585
2022,Macau,マカオ,2378,15896
2022,Saudi Arabia,サウジアラビア,250,2142
2022,Qatar,カタール,51,294
2022,UAE,アラブ首長国連邦,476,6318
2022,Denmark,デンマーク,73,362
2022,British,英国,4428,26735
2022,Netherlands,オランダ,9878,74594
2022,Belgium,ベルギー,28810,149852
2022,France,フランス,1133,5781
2022,Germany,ドイツ,3096,20270
2022,Switzerland,スイス,144,887
2022,Spain,スペイン,348,2308
2022,Italy,イタリア,7312,49584
2022,Malta,マルタ,83,584
2022,Greece,ギリシャ,596,3523
2022,Romania,ルーマニア,94,697
2022,Canada,カナダ,7766,46540
2022,USA,アメリカ合衆国,43146,232660
2022,Mexico,メキシコ,4198,25450
2022,Australia,オーストラリア,38659,262522
2022,new zealand,ニュージーランド,136,731
2022,Taiwan,台湾,276929,1342635
2022,Hong Kong,香港,83180,398431
2022,Vietnam,ベトナム,536,2503
2022,Thailand,タイ,10441,37222
2022,Singapore,シンガポール,52950,206514
2022,Malaysia,マレーシア,39069,194605
2022,Philippines,フィリピン,2414,11480
2022,Indonesia,インドネシア,1302,8063
2022,Macau,マカオ,4307,18146
2022,British,英国,3073,19629
2022,Netherlands,オランダ,5364,31083
2022,Belgium,ベルギー,3642,31102
2022,France,フランス,32,248
2022,Germany,ドイツ,570,3608
2022,Switzerland,スイス,54,276
2022,Spain,スペイン,259,1498
2022,Italy,イタリア,1567,6938
2022,Malta,マルタ,70,394
2022,Greece,ギリシャ,44,254
2022,Romania,ルーマニア,178,482
2022,Canada,カナダ,1977,10729
2022,USA,アメリカ合衆国,28992,157890
2022,Mexico,メキシコ,1065,5738
2022,Australia,オーストラリア,12809,83489
2022,new zealand,ニュージーランド,65,267
2022,Taiwan,台湾,26720,120172
2022,Hong Kong,香港,7916,34300
2022,Vietnam,ベトナム,55,466
2022,Thailand,タイ,484,2968
2022,Singapore,シンガポール,13938,37780
2022,Malaysia,マレーシア,8332,39953
2022,Philippines,フィリピン,15,568
2022,Macau,マカオ,399,2760
2022,Italy,イタリア,154,716
2022,Canada,カナダ,247,2937
2022,USA,アメリカ合衆国,14041,50266
2022,Australia,オーストラリア,470,2688
2022,Vietnam,ベトナム,232,481
2022,Malaysia,マレーシア,40,279
2022,Macau,マカオ,290,1657
2022,UAE,アラブ首長国連邦,2631,15443
2022,Taiwan,台湾,35904,301383
2022,Mongolia,モンゴル,556,2855
2022,Hong Kong,香港,238242,1770597
2022,Vietnam,ベトナム,83867,755484
2022,Thailand,タイ,240197,1728684
2022,Singapore,シンガポール,53926,391598
2022,Malaysia,マレーシア,7705,45812
2022,Philippines,フィリピン,21264,202552
2022,Indonesia,インドネシア,8021,68972
2022,Cambodia,カンボジア,797920,6649497
2022,Laos,ラオス,6693,50231
2022,Myanmar,ミャンマー,3028,16221
2022,Macau,マカオ,67180,557985
2022,Saudi Arabia,サウジアラビア,947,17380
2022,Qatar,カタール,3718,68083
2022,UAE,アラブ首長国連邦,44470,592896
2022,Armenia,アルメニア,199,2938
2022,Tajikistan,タジキスタン,281468,2077770
2022,British,英国,2974,34745
2022,Netherlands,オランダ,10868,118877
2022,Germany,ドイツ,641,8059
2022,Russia,ロシア,1380,15315
2022,Czech Republic,チェコ,442,5175
2022,Canada,カナダ,3325,31279
2022,USA,アメリカ合衆国,255514,2316078
2022,Mexico,メキシコ,1797,20349
2022,Brazil,ブラジル,4444,45947
2022,Uruguay,ウルグアイ,43,723
2022,Australia,オーストラリア,4399,61532
2022,new zealand,ニュージーランド,9369,71013
2022,Guam (rice),グアム（米）,1253,15273
2022,Marshall,マーシャル,151,1548
2022,Taiwan,台湾,49497,253974
2022,Mongolia,モンゴル,371,1389
2022,Hong Kong,香港,394938,1914007
2022,Vietnam,ベトナム,19061,80169
2022,Thailand,タイ,180993,848578
2022,Singapore,シンガポール,115597,523752
2022,Malaysia,マレーシア,38164,171302
2022,Philippines,フィリピン,6507,31434
2022,Indonesia,インドネシア,18632,115568
2022,Cambodia,カンボジア,67529,339609
2022,Myanmar,ミャンマー,632,1996
2022,Macau,マカオ,12236,66129
2022,Saudi Arabia,サウジアラビア,1705,15784
2022,Qatar,カタール,554,6952
2022,UAE,アラブ首長国連邦,35379,158696
2022,Armenia,アルメニア,48,571
2022,Tajikistan,タジキスタン,34109,123106
2022,British,英国,775,6954
2022,Netherlands,オランダ,3297,22003
2022,Germany,ドイツ,88,505
2022,Russia,ロシア,1001,11814
2022,Canada,カナダ,107,883
2022,USA,アメリカ合衆国,77108,416627
2022,Mexico,メキシコ,116,1455
2022,Australia,オーストラリア,1049,6668
2022,new zealand,ニュージーランド,883,4781
2022,Taiwan,台湾,45814,182252
2022,Mongolia,モンゴル,64,226
2022,Hong Kong,香港,176449,683554
2022,Vietnam,ベトナム,20841,100769
2022,Thailand,タイ,107383,446909
2022,Singapore,シンガポール,36913,145016
2022,Malaysia,マレーシア,27137,106154
2022,Philippines,フィリピン,3354,15583
2022,Indonesia,インドネシア,4252,23602
2022,Cambodia,カンボジア,68458,312374
2022,Macau,マカオ,21279,104970
2022,Saudi Arabia,サウジアラビア,673,6181
2022,Qatar,カタール,122,1567
2022,UAE,アラブ首長国連邦,20231,78574
2022,Tajikistan,タジキスタン,11753,44498
2022,Netherlands,オランダ,1205,7314
2022,Germany,ドイツ,360,2356
2022,Russia,ロシア,561,6830
2022,Canada,カナダ,66,662
2022,USA,アメリカ合衆国,21516,113766
2022,Australia,オーストラリア,402,2277
2022,Taiwan,台湾,4483,16769
2022,Mongolia,モンゴル,193,567
2022,Hong Kong,香港,29386,99650
2022,Vietnam,ベトナム,4058,21667
2022,Thailand,タイ,7613,28634
2022,Singapore,シンガポール,16400,35365
2022,Malaysia,マレーシア,9754,34955
2022,Philippines,フィリピン,24907,49131
2022,Indonesia,インドネシア,1152,5925
2022,Cambodia,カンボジア,60,454
2022,Macau,マカオ,358,1111
2022,Saudi Arabia,サウジアラビア,161,1463
2022,UAE,アラブ首長国連邦,6941,31900
2022,British,英国,176,1703
2022,Netherlands,オランダ,585,4350
2022,Russia,ロシア,70,768
2022,USA,アメリカ合衆国,3346,16836
2022,Brazil,ブラジル,105,1344
2023,Taiwan,台湾,46,269
2023,Singapore,シンガポール,129,1072
2023,Malaysia,マレーシア,299,3235
2023,USA,アメリカ合衆国,2326,20340
2023,Taiwan,台湾,419165,3004251
2023,Hong Kong,香港,225832,1827090
2023,Vietnam,ベトナム,9279,109654
2023,Thailand,タイ,13899,124748
2023,Singapore,シンガポール,192878,1560256
2023,Malaysia,マレーシア,39177,312866
2023,Philippines,フィリピン,7466,72653
2023,Indonesia,インドネシア,4543,32925
2023,Cambodia,カンボジア,246,3376
2023,Macau,マカオ,3090,38288
2023,Saudi Arabia,サウジアラビア,671,8838
2023,UAE,アラブ首長国連邦,1104,18827
2023,Denmark,デンマーク,1511,17853
2023,British,英国,90395,914109
2023,Ireland,アイルランド,36,452
2023,Netherlands,オランダ,142701,1504898
2023,Belgium,ベルギー,73823,768256
2023,France,フランス,35071,341048
2023,Germany,ドイツ,62488,635540
2023,Switzerland,スイス,4760,54427
2023,Portugal,ポルトガル,725,6582
2023,Spain,スペイン,11348,122590
2023,Italy,イタリア,52978,504578
2023,Malta,マルタ,96,1020
2023,Poland,ポーランド,5015,51756
2023,Russia,ロシア,5046,55601
2023,Hungary,ハンガリー,669,5230
2023,Greece,ギリシャ,8206,79782
2023,Romania,ルーマニア,47,491
2023,Czech Republic,チェコ,180,2380
2023,Canada,カナダ,69324,683345
2023,USA,アメリカ合衆国,714237,6466975
2023,Mexico,メキシコ,12934,134281
2023,Australia,オーストラリア,41186,407862
2023,Taiwan,台湾,810118,4100300
2023,Hong Kong,香港,188026,941283
2023,Vietnam,ベトナム,11992,74494
2023,Thailand,タイ,29163,162477
2023,Singapore,シンガポール,81864,381192
2023,Malaysia,マレーシア,98703,518925
2023,Philippines,フィリピン,2259,13606
2023,Indonesia,インドネシア,10807,63818
2023,Macau,マカオ,1560,10072
2023,Saudi Arabia,サウジアラビア,1375,13408
2023,UAE,アラブ首長国連邦,706,5308
2023,British,英国,5952,37414
2023,Ireland,アイルランド,74,566
2023,Netherlands,オランダ,11275,79798
2023,Belgium,ベルギー,28155,155606
2023,France,フランス,1175,5920
2023,Germany,ドイツ,8908,57183
2023,Switzerland,スイス,338,2562
2023,Portugal,ポルトガル,414,1674
2023,Spain,スペイン,1457,8619
2023,Italy,イタリア,14124,89087
2023,Poland,ポーランド,82,532
2023,Russia,ロシア,2414,15764
2023,Hungary,ハンガリー,1882,9797
2023,Greece,ギリシャ,472,2736
2023,Czech Republic,チェコ,254,2496
2023,Canada,カナダ,14768,74478
2023,USA,アメリカ合衆国,97959,493977
2023,Mexico,メキシコ,4901,34670
2023,Australia,オーストラリア,32615,213704
2023,new zealand,ニュージーランド,46,247
2023,Taiwan,台湾,334373,1645853
2023,Hong Kong,香港,63957,291771
2023,Vietnam,ベトナム,1529,7220
2023,Thailand,タイ,9167,33058
2023,Singapore,シンガポール,58845,229826
2023,Malaysia,マレーシア,52019,248515
2023,Philippines,フィリピン,3008,10056
2023,Indonesia,インドネシア,5053,25811
2023,Macau,マカオ,1191,4126
2023,Saudi Arabia,サウジアラビア,668,6501
2023,UAE,アラブ首長国連邦,164,1292
2023,British,英国,3798,20050
2023,Netherlands,オランダ,3465,19432
2023,Belgium,ベルギー,1889,17402
2023,France,フランス,221,762
2023,Germany,ドイツ,2020,12687
2023,Portugal,ポルトガル,210,851
2023,Spain,スペイン,69,447
2023,Italy,イタリア,1656,7543
2023,Poland,ポーランド,31,220
2023,Russia,ロシア,122,829
2023,Hungary,ハンガリー,320,1496
2023,Greece,ギリシャ,324,1732
2023,Canada,カナダ,4083,22196
2023,USA,アメリカ合衆国,45585,203899
2023,Mexico,メキシコ,439,2927
2023,Australia,オーストラリア,7122,46028
2023,Taiwan,台湾,34326,171374
2023,Hong Kong,香港,6886,31085
2023,Vietnam,ベトナム,542,3068
2023,Thailand,タイ,811,4276
2023,Singapore,シンガポール,21529,55542
2023,Malaysia,マレーシア,9953,46728
2023,Indonesia,インドネシア,348,1806
2023,Macau,マカオ,140,928
2023,Saudi Arabia,サウジアラビア,188,1827
2023,British,英国,376,1576
2023,France,フランス,139,334
2023,Germany,ドイツ,131,695
2023,Italy,イタリア,185,818
2023,USA,アメリカ合衆国,8081,33359
2023,Australia,オーストラリア,150,1224
2023,Vietnam,ベトナム,382,1427
2023,Malaysia,マレーシア,1019,1631
2023,Macau,マカオ,154,972
2023,UAE,アラブ首長国連邦,1096,7218
2023,Taiwan,台湾,54823,450434
2023,Mongolia,モンゴル,436,3703
2023,Hong Kong,香港,287125,2182068
2023,Vietnam,ベトナム,74110,669535
2023,Thailand,タイ,211638,1645799
2023,Singapore,シンガポール,71305,527653
2023,Malaysia,マレーシア,9858,82264
2023,Philippines,フィリピン,26953,254230
2023,Indonesia,インドネシア,5138,38500
2023,Cambodia,カンボジア,964291,7798647
2023,Laos,ラオス,6992,53878
2023,Myanmar,ミャンマー,752,7100
2023,Maldives,モルディブ,837,6164
2023,Macau,マカオ,77664,622894
2023,Barrane,バーレーン,254,5382
2023,Saudi Arabia,サウジアラビア,6598,160822
2023,Qatar,カタール,3813,69213
2023,UAE,アラブ首長国連邦,50546,549553
2023,Kazakhstan,カザフスタン,248,3465
2023,Tajikistan,タジキスタン,217527,1606908
2023,British,英国,3324,37142
2023,Netherlands,オランダ,8081,82435
2023,France,フランス,471,5775
2023,Germany,ドイツ,5362,58206
2023,Russia,ロシア,865,10392
2023,Canada,カナダ,1891,19583
2023,USA,アメリカ合衆国,198150,1797006
2023,Mexico,メキシコ,9589,107283
2023,Brazil,ブラジル,2501,25755
2023,Australia,オーストラリア,2242,15633
2023,new zealand,ニュージーランド,6266,53816
2023,Guam (rice),グアム（米）,875,6689
2023,Marshall,マーシャル,50,530
2023,Taiwan,台湾,58005,282875
2023,Mongolia,モンゴル,222,1252
2023,Hong Kong,香港,502609,2292778
2023,Vietnam,ベトナム,17336,80392
2023,Thailand,タイ,144032,688094
2023,Singapore,シンガポール,88662,424551
2023,Malaysia,マレーシア,51246,227423
2023,Philippines,フィリピン,7935,47408
2023,Indonesia,インドネシア,12137,64888
2023,Cambodia,カンボジア,122642,591805
2023,Macau,マカオ,15007,77658
2023,Barrane,バーレーン,376,4928
2023,Saudi Arabia,サウジアラビア,11137,116556
2023,Qatar,カタール,84,689
2023,UAE,アラブ首長国連邦,45972,201596
2023,Tajikistan,タジキスタン,9945,48155
2023,Denmark,デンマーク,43,467
2023,British,英国,37,411
2023,Netherlands,オランダ,1429,10575
2023,France,フランス,1507,18378
2023,Germany,ドイツ,1908,10075
2023,Russia,ロシア,1048,10353
2023,Canada,カナダ,1457,8162
2023,USA,アメリカ合衆国,91447,414067
2023,Mexico,メキシコ,575,3488
2023,Brazil,ブラジル,53,333
2023,Australia,オーストラリア,3670,14829
2023,new zealand,ニュージーランド,1119,6643
2023,Guam (rice),グアム（米）,1493,6270
2023,Taiwan,台湾,61711,238278
2023,Mongolia,モンゴル,71,357
2023,Hong Kong,香港,218986,851908
2023,Vietnam,ベトナム,18437,89699
2023,Thailand,タイ,81530,337951
2023,Singapore,シンガポール,38818,146365
2023,Malaysia,マレーシア,40217,153297
2023,Philippines,フィリピン,4437,20473
2023,Indonesia,インドネシア,4540,23519
2023,Cambodia,カンボジア,54427,245242
2023,Macau,マカオ,31480,154220
2023,Barrane,バーレーン,229,2994
2023,Saudi Arabia,サウジアラビア,5707,59550
2023,UAE,アラブ首長国連邦,11947,45587
2023,Tajikistan,タジキスタン,14560,61659
2023,British,英国,132,706
2023,Netherlands,オランダ,899,8486
2023,France,フランス,958,11813
2023,Germany,ドイツ,194,734
2023,Russia,ロシア,517,5428
2023,Canada,カナダ,612,3027
2023,USA,アメリカ合衆国,42943,138363
2023,Mexico,メキシコ,156,565
2023,Brazil,ブラジル,261,1543
2023,Australia,オーストラリア,2612,11381
2023,new zealand,ニュージーランド,724,2367
2023,Guam (rice),グアム（米）,796,3120
2023,Taiwan,台湾,19674,60444
2023,Hong Kong,香港,44125,139966
2023,Vietnam,ベトナム,2454,13726
2023,Thailand,タイ,9817,35305
2023,Singapore,シンガポール,2035,6352
2023,Malaysia,マレーシア,13938,40695
2023,Philippines,フィリピン,1109,2985
2023,Indonesia,インドネシア,701,3463
2023,Cambodia,カンボジア,83,643
2023,Macau,マカオ,410,1052
2023,Barrane,バーレーン,54,704
2023,Saudi Arabia,サウジアラビア,1500,15756
2023,UAE,アラブ首長国連邦,2733,10263
2023,British,英国,430,2024
2023,Netherlands,オランダ,904,5416
2023,France,フランス,186,2291
2023,Russia,ロシア,98,1065
2023,USA,アメリカ合衆国,4410,17589
2023,Mexico,メキシコ,425,2919
2023,Brazil,ブラジル,109,1264
2023,Australia,オーストラリア,456,1864
2023,new zealand,ニュージーランド,256,2351
2023,Guam (rice),グアム（米）,135,501
2024,Taiwan,台湾,880,5296
2024,USA,アメリカ合衆国,2285,20205
2024,Taiwan,台湾,325948,2249197
2024,Hong Kong,香港,121443,999316
2024,Vietnam,ベトナム,7546,90241
2024,Thailand,タイ,9931,85040
2024,Singapore,シンガポール,145781,1201412
2024,Malaysia,マレーシア,27258,188292
2024,Philippines,フィリピン,11765,106123
2024,Indonesia,インドネシア,3847,30952
2024,Cambodia,カンボジア,807,6770
2024,Macau,マカオ,2246,30016
2024,Saudi Arabia,サウジアラビア,344,6320
2024,UAE,アラブ首長国連邦,656,9299
2024,Kazakhstan,カザフスタン,259,3738
2024,Denmark,デンマーク,548,6476
2024,British,英国,67289,688437
2024,Ireland,アイルランド,171,2162
2024,Netherlands,オランダ,114500,1204198
2024,Belgium,ベルギー,48335,468817
2024,France,フランス,26325,257026
2024,Germany,ドイツ,55098,541417
2024,Switzerland,スイス,3565,44043
2024,Portugal,ポルトガル,1214,11880
2024,Spain,スペイン,14059,143874
2024,Italy,イタリア,55197,520679
2024,Malta,マルタ,65,794
2024,Poland,ポーランド,3953,41567
2024,Russia,ロシア,5497,63282
2024,Hungary,ハンガリー,1278,14020
2024,Greece,ギリシャ,7117,69604
2024,Czech Republic,チェコ,130,1782
2024,Canada,カナダ,48735,446183
2024,USA,アメリカ合衆国,445495,3985597
2024,Mexico,メキシコ,7989,84247
2024,Australia,オーストラリア,24805,246176
2024,Taiwan,台湾,561346,2803235
2024,Hong Kong,香港,123012,612808
2024,Vietnam,ベトナム,6997,42305
2024,Thailand,タイ,15515,81638
2024,Singapore,シンガポール,65680,301780
2024,Malaysia,マレーシア,73496,372224
2024,Philippines,フィリピン,1478,6754
2024,Indonesia,インドネシア,9627,61959
2024,Macau,マカオ,687,3017
2024,Georgia,ジョージア,59,762
2024,British,英国,7416,45607
2024,Ireland,アイルランド,104,735
2024,Netherlands,オランダ,10890,78787
2024,Belgium,ベルギー,2411,13406
2024,France,フランス,2658,11814
2024,Germany,ドイツ,18321,95822
2024,Switzerland,スイス,555,3133
2024,Portugal,ポルトガル,101,782
2024,Spain,スペイン,4041,22764
2024,Italy,イタリア,17556,109372
2024,Poland,ポーランド,353,2236
2024,Russia,ロシア,1129,6928
2024,Hungary,ハンガリー,786,4630
2024,Greece,ギリシャ,98,576
2024,Czech Republic,チェコ,177,1923
2024,Canada,カナダ,10550,48021
2024,USA,アメリカ合衆国,116983,547026
2024,Mexico,メキシコ,3686,25181
2024,Australia,オーストラリア,17742,115370
2024,Taiwan,台湾,210423,1023295
2024,Mongolia,モンゴル,43,275
2024,Hong Kong,香港,31787,152346
2024,Vietnam,ベトナム,1238,6857
2024,Thailand,タイ,5855,22145
2024,Singapore,シンガポール,39125,159133
2024,Malaysia,マレーシア,39804,190212
2024,Philippines,フィリピン,3350,10368
2024,Indonesia,インドネシア,2709,14997
2024,Macau,マカオ,757,1830
2024,British,英国,4109,23869
2024,Netherlands,オランダ,3020,16915
2024,Belgium,ベルギー,426,2339
2024,France,フランス,429,1958
2024,Germany,ドイツ,3430,23011
2024,Switzerland,スイス,330,1861
2024,Spain,スペイン,910,4110
2024,Italy,イタリア,1108,4133
2024,Poland,ポーランド,244,1084
2024,Russia,ロシア,122,764
2024,Greece,ギリシャ,159,911
2024,Canada,カナダ,1818,8486
2024,USA,アメリカ合衆国,57146,253694
2024,Mexico,メキシコ,270,1674
2024,Australia,オーストラリア,3538,21826
2024,Taiwan,台湾,16146,77632
2024,Hong Kong,香港,6176,24380
2024,Vietnam,ベトナム,364,1783
2024,Thailand,タイ,268,1612
2024,Singapore,シンガポール,11748,34114
2024,Malaysia,マレーシア,8527,39869
2024,Indonesia,インドネシア,345,1619
2024,Macau,マカオ,42,344
2024,Georgia,ジョージア,56,827
2024,British,英国,69,431
2024,Spain,スペイン,47,214
2024,Italy,イタリア,82,473
2024,Poland,ポーランド,75,384
2024,Canada,カナダ,251,1095
2024,USA,アメリカ合衆国,4004,14760
2024,Mexico,メキシコ,32,425
2024,Cambodia,カンボジア,350,2025
2024,UAE,アラブ首長国連邦,279,1355
2024,USA,アメリカ合衆国,106,953
2024,Taiwan,台湾,62303,443516
2024,Mongolia,モンゴル,170,1871
2024,Hong Kong,香港,151672,1131324
2024,Vietnam,ベトナム,114445,903461
2024,Thailand,タイ,168081,1234902
2024,Singapore,シンガポール,38221,296006
2024,Malaysia,マレーシア,9498,62930
2024,Philippines,フィリピン,21761,190927
2024,Indonesia,インドネシア,8019,58870
2024,Cambodia,カンボジア,437293,3434036
2024,Laos,ラオス,3061,17710
2024,Myanmar,ミャンマー,585,5311
2024,Maldives,モルディブ,838,7471
2024,Macau,マカオ,81108,676032
2024,Barrane,バーレーン,132,3951
2024,Saudi Arabia,サウジアラビア,3735,43487
2024,Qatar,カタール,966,17271
2024,UAE,アラブ首長国連邦,42427,337954
2024,Tajikistan,タジキスタン,4410,34337
2024,British,英国,2544,28245
2024,Netherlands,オランダ,17952,184674
2024,France,フランス,401,5041
2024,Germany,ドイツ,5368,54075
2024,Italy,イタリア,1140,12617
2024,Poland,ポーランド,870,7199
2024,Russia,ロシア,1700,20697
2024,Czech Republic,チェコ,122,1488
2024,Canada,カナダ,369,3500
2024,USA,アメリカ合衆国,66775,539194
2024,Mexico,メキシコ,6886,71278
2024,Brazil,ブラジル,3846,37677
2024,Ethiopia,エチオピア,32,273
2024,Australia,オーストラリア,1839,19037
2024,Papua New Guinea,パプアニューギニア,159,1046
2024,new zealand,ニュージーランド,4586,36660
2024,Guam (rice),グアム（米）,6088,50225
2024,Marshall,マーシャル,50,526
2024,Taiwan,台湾,124389,564426
2024,Hong Kong,香港,335870,1496213
2024,Vietnam,ベトナム,23611,110314
2024,Thailand,タイ,231103,1077101
2024,Singapore,シンガポール,38996,188608
2024,Malaysia,マレーシア,53584,239360
2024,Philippines,フィリピン,9391,45590
2024,Indonesia,インドネシア,22999,120167
2024,Cambodia,カンボジア,26804,152761
2024,Maldives,モルディブ,36,223
2024,Macau,マカオ,25471,121933
2024,Saudi Arabia,サウジアラビア,486,2909
2024,UAE,アラブ首長国連邦,34251,128350
2024,British,英国,786,7758
2024,Netherlands,オランダ,4922,36793
2024,France,フランス,1291,16115
2024,Germany,ドイツ,112,737
2024,Italy,イタリア,1771,13818
2024,Poland,ポーランド,322,1627
2024,Russia,ロシア,74,1204
2024,Canada,カナダ,297,1753
2024,USA,アメリカ合衆国,151188,641245
2024,Mexico,メキシコ,1481,10727
2024,Brazil,ブラジル,64,693
2024,Australia,オーストラリア,553,3400
2024,new zealand,ニュージーランド,666,3617
2024,Guam (rice),グアム（米）,4758,21667
2024,Taiwan,台湾,112542,466122
2024,Mongolia,モンゴル,3900,4139
2024,Hong Kong,香港,174073,690005
2024,Vietnam,ベトナム,24781,114299
2024,Thailand,タイ,87936,385765
2024,Singapore,シンガポール,12441,46721
2024,Malaysia,マレーシア,32355,135945
2024,Philippines,フィリピン,4925,20729
2024,Indonesia,インドネシア,8362,41207
2024,Cambodia,カンボジア,37270,172510
2024,Macau,マカオ,26971,127049
2024,Saudi Arabia,サウジアラビア,197,1043
2024,UAE,アラブ首長国連邦,22382,80285
2024,Netherlands,オランダ,2927,23094
2024,France,フランス,778,9739
2024,Germany,ドイツ,256,1656
2024,Italy,イタリア,480,3122
2024,Poland,ポーランド,85,377
2024,USA,アメリカ合衆国,102258,317667
2024,Mexico,メキシコ,86,400
2024,Australia,オーストラリア,422,2359
2024,new zealand,ニュージーランド,562,1851
2024,Guam (rice),グアム（米）,4063,22192
2024,Taiwan,台湾,21181,83246
2024,Hong Kong,香港,51680,123504
2024,Vietnam,ベトナム,296,1580
2024,Thailand,タイ,14740,39037
2024,Singapore,シンガポール,2207,11234
2024,Malaysia,マレーシア,21142,45977
2024,Philippines,フィリピン,827,4742
2024,Indonesia,インドネシア,2483,12625
2024,Macau,マカオ,2437,11853
2024,UAE,アラブ首長国連邦,4863,17615
2024,Netherlands,オランダ,2359,14639
2024,France,フランス,183,2312
2024,Russia,ロシア,81,1330
2024,Czech Republic,チェコ,119,1242
2024,Canada,カナダ,54,533
2024,USA,アメリカ合衆国,741,3327
2024,Mexico,メキシコ,285,992
2024,Brazil,ブラジル,30,339
2024,Guam (rice),グアム（米）,384,1451